file,iso,snr18,preset,engine,param,mb,ratio_file,ratio_raw,enc_s,dec_dng_s,bit_exact,verify,ss2_0,ss2_2,ss2_3,ba_p3_3,ba_max_3,noise_ratio,bias8_abs,rmse_sigma
P1060444,100,102.1,lossless,nlq,lossless,17.838,1.584,1.202,0.42,0.622,True,,,,,,,,,
P1060444,100,102.1,high,half3,d0.1,7.534,3.751,2.846,1.23,0.535,,PASS,90.01,88.14,86.72,0.703,2.82,0.985,0.005,2.051
P1060444,100,102.1,vl,half3,d0.2,4.93,5.733,4.349,1.219,0.529,,PASS,87.72,85.01,82.82,0.97,4.15,0.965,0.014,3.059
P1060444,100,102.1,compact,half3,d0.3,3.737,7.564,5.737,1.204,0.519,,PASS,85.82,81.86,78.78,1.118,3.72,0.952,0.02,3.752
PANA9831,100,103.0,lossless,nlq,lossless,22.389,1.419,1.126,0.438,0.506,True,,,,,,,,,
PANA9831,100,103.0,high,half3,d0.1,11.796,2.693,2.137,1.257,0.556,,PASS,88.16,85.05,83.12,0.899,3.99,0.998,0.005,3.149
PANA9831,100,103.0,vl,half3,d0.2,8.561,3.711,2.945,1.238,0.547,,PASS,84.34,79.64,76.79,1.225,4.77,0.987,0.021,5.463
PANA9831,100,103.0,compact,half3,d0.3,6.843,4.643,3.684,1.232,0.58,,PASS,81.21,75.43,71.7,1.523,6.23,0.978,0.041,7.012
P1060384,320,70.5,lossless,nlq,lossless,15.325,1.539,1.27,0.427,0.495,True,,,,,,,,,
P1060384,320,70.5,high,half3,d0.1,5.931,3.978,3.282,1.22,0.523,,PASS,91.45,85.72,81.79,0.875,2.48,0.939,0.005,1.07
P1060384,320,70.5,vl,half3,d0.2,2.341,10.077,8.314,1.187,0.509,,PASS,89.43,82.16,77.19,1.078,2.69,0.706,0.015,1.368
P1060384,320,70.5,compact,half3,d0.3,1.391,16.963,13.995,1.164,0.498,,PASS,87.76,79.12,73.26,1.215,3.07,0.579,0.029,1.414
ISO640_PANA0036,640,47.7,lossless,nlq,lossless,15.993,1.542,1.243,0.412,0.488,True,,,,,,,,,
ISO640_PANA0036,640,47.7,high,nlq,f0.5,11.421,2.159,1.74,0.627,0.516,,PASS,92.45,87.69,84.52,0.684,2.63,1.007,0.015,0.148
ISO640_PANA0036,640,47.7,vl,nlq,f1,8.097,3.046,2.455,0.664,0.51,,PASS,89.22,81.32,76.13,0.983,2.95,1.033,0.189,0.298
ISO640_PANA0036,640,47.7,compact,nlq,f2,5.669,4.35,3.506,0.68,0.481,,PASS,83.3,69.83,60.97,1.47,3.56,1.079,0.234,0.578
ISO800_PANA0021,800,39.4,lossless,nlq,lossless,16.73,1.505,1.209,0.418,0.49,True,,,,,,,,,
ISO800_PANA0021,800,39.4,high,nlq,f0.5,11.077,2.273,1.826,0.632,0.495,,PASS,91.52,86.55,83.26,0.733,2.35,1.014,0.013,0.147
ISO800_PANA0021,800,39.4,vl,nlq,f1,7.934,3.173,2.549,0.621,0.503,,PASS,88.2,80.25,75.07,1.026,3.16,1.049,0.13,0.297
ISO800_PANA0021,800,39.4,compact,nlq,f2,5.542,4.543,3.649,0.677,0.486,,PASS,81.37,67.76,58.99,1.567,3.77,1.176,0.117,0.578
ISO1250_P1060413,1250,34.7,lossless,nlq,lossless,17.208,1.489,1.188,0.413,0.487,True,,,,,,,,,
ISO1250_P1060413,1250,34.7,high,nlq,f0.5,11.109,2.307,1.841,0.633,0.51,,PASS,90.4,85.27,81.59,0.771,2.78,1.014,0.074,0.144
ISO1250_P1060413,1250,34.7,vl,nlq,f1,7.88,3.252,2.595,0.626,0.495,,PASS,86.78,75.62,68.73,1.107,3.19,1.042,0.043,0.295
ISO1250_P1060413,1250,34.7,compact,nlq,f2,5.466,4.689,3.741,0.685,0.488,,PASS,78.36,59.01,47.21,1.724,3.87,1.17,0.444,0.584
ISO1600_PANA9976,1600,28.1,lossless,nlq,lossless,18.92,1.455,1.132,0.425,0.505,True,,,,,,,,,
ISO1600_PANA9976,1600,28.1,high,nlq,f0.5,11.174,2.463,1.916,0.641,0.505,,PASS,89.81,83.86,80.86,0.826,2.83,1.014,0.022,0.146
ISO1600_PANA9976,1600,28.1,vl,nlq,f1,8.223,3.347,2.604,0.635,0.506,,PASS,85.49,76.54,71.86,1.154,3.19,1.044,0.058,0.292
ISO1600_PANA9976,1600,28.1,compact,nlq,f2,5.759,4.779,3.718,0.698,0.497,,PASS,76.09,60.95,53.28,1.819,4.69,1.167,0.167,0.577
ISO2000_PANA9996,2000,24.2,lossless,nlq,lossless,18.289,1.498,1.155,0.43,0.506,True,,,,,,,,,
ISO2000_PANA9996,2000,24.2,high,nlq,f0.5,11.627,2.357,1.818,0.646,0.51,,PASS,87.56,78.6,73.44,0.964,3.43,1.013,0.012,0.146
ISO2000_PANA9996,2000,24.2,vl,nlq,f1,8.547,3.206,2.473,0.636,0.495,,PASS,81.41,66.62,57.98,1.362,3.8,1.054,0.124,0.296
ISO2000_PANA9996,2000,24.2,compact,nlq,f2,6.092,4.498,3.469,0.685,0.488,,PASS,69.69,45.06,30.95,2.095,5.87,1.183,0.33,0.575
ISO3200_PANA9944,3200,18.5,lossless,nlq,lossless,20.949,1.412,1.087,0.459,0.519,True,,,,,,,,,
ISO3200_PANA9944,3200,18.5,high,nlq,f0.5,12.122,2.44,1.879,0.654,0.519,,PASS,85.05,75.52,69.89,1.103,3.7,1.017,0.097,0.148
ISO3200_PANA9944,3200,18.5,vl,nlq,f1,9.242,3.2,2.465,0.646,0.508,,PASS,77.63,62.03,52.69,1.56,5.05,1.066,0.039,0.294
ISO3200_PANA9944,3200,18.5,compact,nlq,f2,6.697,4.416,3.402,0.704,0.494,,PASS,62.25,35.42,20.04,2.457,5.79,1.201,0.234,0.574
P1037920,4000,17.2,lossless,nlq,lossless,20.2,1.34,1.097,0.419,0.494,True,,,,,,,,,
P1037920,4000,17.2,high,nlq,f0.5,11.052,2.45,2.006,0.634,0.498,,PASS,80.78,67.77,60.85,1.284,4.34,1.009,0.045,0.146
P1037920,4000,17.2,vl,nlq,f1,8.135,3.328,2.725,0.632,0.495,,PASS,70.82,49.69,38.55,1.75,5.47,1.043,0.047,0.291
P1037920,4000,17.2,compact,nlq,f2,5.707,4.744,3.885,0.689,0.481,,PASS,51.81,17.77,1.26,2.699,6.18,1.065,0.529,0.575
PANA0003,4000,16.5,lossless,nlq,lossless,19.231,1.352,1.115,0.418,0.485,True,,,,,,,,,
PANA0003,4000,16.5,high,nlq,f0.5,11.387,2.284,1.883,0.633,0.498,,PASS,80.2,66.11,58.65,1.276,4.49,1.008,0.1,0.148
PANA0003,4000,16.5,vl,nlq,f1,8.48,3.067,2.529,0.629,0.503,,PASS,70.2,47.49,35.62,1.765,5.04,1.062,0.647,0.293
PANA0003,4000,16.5,compact,nlq,f2,5.988,4.343,3.581,0.697,0.497,,PASS,52.55,17.1,-0.49,2.643,6.22,1.13,0.953,0.571
ISO10000_PANA9951,10000,12.5,lossless,nlq,lossless,22.573,1.301,1.095,0.421,0.514,True,,,,,,,,,
ISO10000_PANA9951,10000,12.5,high,nlq,f0.5,10.275,2.859,2.406,0.637,0.523,,PASS,81.03,72.16,70.31,1.176,5.09,1.013,0.027,0.145
ISO10000_PANA9951,10000,12.5,vl,nlq,f1,7.525,3.904,3.285,0.637,0.51,,PASS,71.38,57.31,55.27,1.641,5.11,1.059,0.084,0.289
ISO10000_PANA9951,10000,12.5,compact,nlq,f2,5.208,5.639,4.746,0.697,0.502,,PASS,51.13,27.43,25.53,2.691,7.13,1.109,0.212,0.58
ISO51200_PANA0010,51200,5.9,lossless,nlq,lossless,24.316,1.374,1.095,0.45,0.527,True,,,,,,,,,
ISO51200_PANA0010,51200,5.9,high,nlq,f0.5,11.849,2.819,2.247,0.657,0.535,,PASS,64.09,50.96,45.52,2.066,7.99,1.007,0.096,0.143
ISO51200_PANA0010,51200,5.9,vl,nlq,f1,9.384,3.559,2.838,0.673,0.53,,PASS,41.56,21.07,13.12,3.021,8.97,1.026,0.209,0.285
ISO51200_PANA0010,51200,5.9,compact,nlq,f2,7.273,4.592,3.661,0.73,0.541,,PASS,2.92,-24.49,-33.65,5.176,12.37,1.06,0.99,0.633
